<?xml version="1.0" ?>
<bib:bibliography xmlns:bib="http://bibliography.org"
  xmlns:lit="http://literature.org">
  <bib:author >William Shakespeare</bib:author>
  <lit:play>
    <lit:year>1589</lit:year>
    <lit:title lang='Eng'>The Two Gentlemen of Verona.</lit:title>
  </lit:play>
  <lit:play>
    <lit:year>1594</lit:year>
    <lit:title lang='ita'>Love's Labour's Lost.</lit:title>
  </lit:play>
  <lit:play>
    <lit:year>1594</lit:year>
    <lit:title lang='Eng'>Romeo and Juliet.</lit:title>
  </lit:play>
  <lit:play>
    <lit:year>1595</lit:year>
    <lit:title lang='esp'>A Midsummer-Nights Dream.</lit:title>
  </lit:play>
</bib:bibliography>